accuracy,loss,val_accuracy,val_loss,learning_rate
0.5641864538192749,1.1801611185073853,0.26851850748062134,3.913484811782837,0.0010000000474974513
