accuracy,loss,val_accuracy,val_loss,learning_rate
0.5600981116294861,1.2378090620040894,0.1805555522441864,5.361358642578125,0.0010000000474974513
