accuracy,loss,val_accuracy,val_loss,learning_rate
0.6941946148872375,1.1481645107269287,0.9675925970077515,0.600515604019165,0.0010000000474974513
0.9452166557312012,0.4742291271686554,0.9722222089767456,0.31491029262542725,0.0010000000474974513
0.9623875617980957,0.2922933101654053,0.9814814925193787,0.2144547402858734,0.0010000000474974513
